<?xml version="1.0" encoding="UTF-8"?>
<impot>

	<centre>
		<code>01</code>
		<lib_FR>BAKEL</lib_FR>
		<lib_UK>BAKEL</lib_UK>
		<lib_SP>BAKEL</lib_SP>
		<inactif>0</inactif>
	</centre>

	<centre>
		<code>02</code>
		<lib_FR>BAMBEY</lib_FR>
		<lib_UK>BAMBEY</lib_UK>
		<lib_SP>BAMBEY</lib_SP>
		<inactif>0</inactif>
	</centre>

	<centre>
		<code>03</code>
		<lib_FR>BIGNONA</lib_FR>
		<lib_UK>BIGNONA</lib_UK>
		<lib_SP>BIGNONA</lib_SP>
		<inactif>0</inactif>
	</centre>

	<centre>
		<code>04</code>
		<lib_FR>DAGANA</lib_FR>
		<lib_UK>DAGANA</lib_UK>
		<lib_SP>DAGANA</lib_SP>
		<inactif>0</inactif>
	</centre>

	<centre>
		<code>05</code>
		<lib_FR>DAKAR</lib_FR>
		<lib_UK>DAKAR</lib_UK>
		<lib_SP>DAKAR</lib_SP>
		<inactif>0</inactif>
	</centre>

	<centre>
		<code>06</code>
		<lib_FR>DIOURBEL</lib_FR>
		<lib_UK>DIOURBEL</lib_UK>
		<lib_SP>DIOURBEL</lib_SP>
		<inactif>0</inactif>
	</centre>

	<centre>
		<code>07</code>
		<lib_FR>FATICK</lib_FR>
		<lib_UK>FATICK</lib_UK>
		<lib_SP>FATICK</lib_SP>
		<inactif>0</inactif>
	</centre>

	<centre>
		<code>08</code>
		<lib_FR>FOUNDIOUGNE</lib_FR>
		<lib_UK>FOUNDIOUGNE</lib_UK>
		<lib_SP>FOUNDIOUGNE</lib_SP>
		<inactif>0</inactif>
	</centre>

	<centre>
		<code>09</code>
		<lib_FR>GOSSAS</lib_FR>
		<lib_UK>GOSSAS</lib_UK>
		<lib_SP>GOSSAS</lib_SP>
		<inactif>0</inactif>
	</centre>

	<centre>
		<code>10</code>
		<lib_FR>KADACK</lib_FR>
		<lib_UK>KADACK</lib_UK>
		<lib_SP>KADACK</lib_SP>
		<inactif>0</inactif>
	</centre>

	<centre>
		<code>11</code>
		<lib_FR>KAFFRINE</lib_FR>
		<lib_UK>KAFFRINE</lib_UK>
		<lib_SP>KAFFRINE</lib_SP>
		<inactif>0</inactif>
	</centre>

	<centre>
		<code>12</code>
		<lib_FR>KEBEMER</lib_FR>
		<lib_UK>KEBEMER</lib_UK>
		<lib_SP>KEBEMER</lib_SP>
		<inactif>0</inactif>
	</centre>

	<centre>
		<code>13</code>
		<lib_FR>KEDOUGOU</lib_FR>
		<lib_UK>KEDOUGOU</lib_UK>
		<lib_SP>KEDOUGOU</lib_SP>
		<inactif>0</inactif>
	</centre>

	<centre>
		<code>14</code>
		<lib_FR>KOLDA</lib_FR>
		<lib_UK>KOLDA</lib_UK>
		<lib_SP>KOLDA</lib_SP>
		<inactif>0</inactif>
	</centre>

	<centre>
		<code>15</code>
		<lib_FR>LINGUERE</lib_FR>
		<lib_UK>LINGUERE</lib_UK>
		<lib_SP>LINGUERE</lib_SP>
		<inactif>0</inactif>
	</centre>

	<centre>
		<code>16</code>
		<lib_FR>LOUGA</lib_FR>
		<lib_UK>LOUGA</lib_UK>
		<lib_SP>LOUGA</lib_SP>
		<inactif>0</inactif>
	</centre>

	<centre>
		<code>17</code>
		<lib_FR>MATAM</lib_FR>
		<lib_UK>MATAM</lib_UK>
		<lib_SP>MATAM</lib_SP>
		<inactif>0</inactif>
	</centre>

	<centre>
		<code>18</code>
		<lib_FR>MBACKE</lib_FR>
		<lib_UK>MBACKE</lib_UK>
		<lib_SP>MBACKE</lib_SP>
		<inactif>0</inactif>
	</centre>

	<centre>
		<code>19</code>
		<lib_FR>MBOUR</lib_FR>
		<lib_UK>MBOUR</lib_UK>
		<lib_SP>MBOUR</lib_SP>
		<inactif>0</inactif>
	</centre>

	<centre>
		<code>20</code>
		<lib_FR>NIORO DU RIP</lib_FR>
		<lib_UK>NIORO DU RIP</lib_UK>
		<lib_SP>NIORO DU RIP</lib_SP>
		<inactif>0</inactif>
	</centre>

	<centre>
		<code>21</code>
		<lib_FR>OUSSOUYE</lib_FR>
		<lib_UK>OUSSOUYE</lib_UK>
		<lib_SP>OUSSOUYE</lib_SP>
		<inactif>0</inactif>
	</centre>

	<centre>
		<code>22</code>
		<lib_FR>PIKINE</lib_FR>
		<lib_UK>PIKINE</lib_UK>
		<lib_SP>PIKINE</lib_SP>
		<inactif>0</inactif>
	</centre>

	<centre>
		<code>23</code>
		<lib_FR>PODOR</lib_FR>
		<lib_UK>PODOR</lib_UK>
		<lib_SP>PODOR</lib_SP>
		<inactif>0</inactif>
	</centre>

	<centre>
		<code>24</code>
		<lib_FR>RUFISQUE</lib_FR>
		<lib_UK>RUFISQUE</lib_UK>
		<lib_SP>RUFISQUE</lib_SP>
		<inactif>0</inactif>
	</centre>

	<centre>
		<code>25</code>
		<lib_FR>SEDHIOU</lib_FR>
		<lib_UK>SEDHIOU</lib_UK>
		<lib_SP>SEDHIOU</lib_SP>
		<inactif>0</inactif>
	</centre>

	<centre>
		<code>26</code>
		<lib_FR>TAMBACOUNDA</lib_FR>
		<lib_UK>TAMBACOUNDA</lib_UK>
		<lib_SP>TAMBACOUNDA</lib_SP>
		<inactif>0</inactif>
	</centre>

	<centre>
		<code>27</code>
		<lib_FR>THIES</lib_FR>
		<lib_UK>THIES</lib_UK>
		<lib_SP>THIES</lib_SP>
		<inactif>0</inactif>
	</centre>

	<centre>
		<code>28</code>
		<lib_FR>TIVAOUANE</lib_FR>
		<lib_UK>TIVAOUANE</lib_UK>
		<lib_SP>TIVAOUANE</lib_SP>
		<inactif>0</inactif>
	</centre>

	<centre>
		<code>29</code>
		<lib_FR>VELINGARA</lib_FR>
		<lib_UK>VELINGARA</lib_UK>
		<lib_SP>VELINGARA</lib_SP>
		<inactif>0</inactif>
	</centre>

	<centre>
		<code>30</code>
		<lib_FR>ZIGUINCHOR</lib_FR>
		<lib_UK>ZIGUINCHOR</lib_UK>
		<lib_SP>ZIGUINCHOR</lib_SP>
		<inactif>0</inactif>
	</centre>
</impot>
