<?xml version="1.0" encoding="UTF-8"?>
<impot>

	<centre>
		<code>01</code>
		<lib_FR>BAIRO AJUDA</lib_FR>
		<lib_UK>BAIRO AJUDA</lib_UK>
		<lib_SP>BAIRO AJUDA</lib_SP>
		<inactif>0</inactif>
	</centre>

	<centre>
		<code>02</code>
		<lib_FR>SANTA LUSIA</lib_FR>
		<lib_UK>SANTA LUSIA</lib_UK>
		<lib_SP>SANTA LUSIA</lib_SP>
		<inactif>0</inactif>
	</centre>

	<centre>
		<code>03</code>
		<lib_FR>STRADA DE BANDI</lib_FR>
		<lib_UK>STRADA DE BANDI</lib_UK>
		<lib_SP>STRADA DE BANDI</lib_SP>
		<inactif>0</inactif>
	</centre>

	<centre>
		<code>04</code>
		<lib_FR>BIOMBO</lib_FR>
		<lib_UK>BIOMBO</lib_UK>
		<lib_SP>BIOMBO</lib_SP>
		<inactif>0</inactif>
	</centre>

	<centre>
		<code>05</code>
		<lib_FR>BAFATA</lib_FR>
		<lib_UK>BAFATA</lib_UK>
		<lib_SP>BAFATA</lib_SP>
		<inactif>0</inactif>
	</centre>

	<centre>
		<code>06</code>
		<lib_FR>GABU</lib_FR>
		<lib_UK>GABU</lib_UK>
		<lib_SP>GABU</lib_SP>
		<inactif>0</inactif>
	</centre>

	<centre>
		<code>07</code>
		<lib_FR>BUBA</lib_FR>
		<lib_UK>BUBA</lib_UK>
		<lib_SP>BUBA</lib_SP>
		<inactif>0</inactif>
	</centre>

	<centre>
		<code>08</code>
		<lib_FR>CACHEU</lib_FR>
		<lib_UK>CACHEU</lib_UK>
		<lib_SP>CACHEU</lib_SP>
		<inactif>0</inactif>
	</centre>

	<centre>
		<code>09</code>
		<lib_FR>FARIM</lib_FR>
		<lib_UK>FARIM</lib_UK>
		<lib_SP>FARIM</lib_SP>
		<inactif>0</inactif>
	</centre>
</impot>
